Username,Name,Followers,Following,Investor Score,Can DM,Reason,URL
b2wicey,𝐁𝐫𝐚𝐝,1327,75,85,True,"Authentic human with personal name 'Brad', specific focus on $TSLA investing and Tesla news, high follower count and tweet volume indicate active engagement, suitable for DM as a peer investor in relevant topics.",https://x.com/b2wicey
usmanyaseen,Usman Yaseen,1074,727,85,True,"Authentic human with unique bio focusing on markets, stocks, macro, geopolitics, and theology, indicating genuine interests and expertise. High investor signal due to keywords like #Markets and #Stocks, suggesting potential as a peer or investor in financial/tech domains. Suitable for DM as a professional contact.",https://x.com/usmanyaseen
BiblioInversor,Biblio Inversor,964,366,85,True,"Authentic human profile with unique bio focused on investment analysis ('Inversor | Analizo empresas y te las cuento'), includes personal engagement ('Tesis completas en mi DM'), high tweet count (8005) indicates active user, suitable for DM as a professional peer in investing.",https://x.com/BiblioInversor
MateoVanhorn,HodlonautMateo,929,1454,85,True,"Authentic human with unique bio referencing specific projects (Protonic Nickelate, Grok Imagine, Macrohard/Digital Optimus, Tesla AI/xAI) and personal touch (War Eagle, emojis). Strong investor/alpha signals from tech/crypto/AI keywords (Tesla, xAI, scaling, collaborations) and entrepreneurial tone, suitable for DM engagement.",https://x.com/MateoVanhorn
dishah81,Divyesh,923,232,85,True,"Authentic human with unique personal details (Divyesh), specific interests in tech stocks, Tesla, options, and robotics. Strong investor signals with keywords like 'Tech Stock Investor', 'Tesla Bull', and 'Stock market Bull'. High tweet count (8677) indicates active engagement, and bio explicitly states no crypto/forex, adding credibility. Suitable for DM as a professional peer in investing.",https://x.com/dishah81
CyberTruck_Mike,Mike ⚔️🦅,851,574,85,True,"Authentic human with personal details (CyberTruck owner, $TSLA holder, options trader), strong investor signals in bio (Tesla-related, trading), and suitable for DM as a peer investor.",https://x.com/CyberTruck_Mike
ricmrodrigues,Ricardo Rodrigues,836,1113,85,True,"Authentic human with personal name, unique bio (Albert Einstein quote), specific mention of Tesla investor, high tweet count indicating active engagement, and clear investor signal suitable for DM outreach.",https://x.com/ricmrodrigues
Raghavdiv,Raghav Reddy,827,1311,85,True,"Authentic human with personal interests in Tesla, SpaceX, and specific investments (TSLA, Rocket lab, Nvidia). Bio includes unique details like Tesla ownership and referral links, indicating genuine engagement. High investor signal from keywords like 'investor' and focus on tech/equity, suitable for DM from a professional peer.",https://x.com/Raghavdiv
onanitbranding,Onanit,812,160,85,True,"Bio includes 'Entrepreneur | Investor' with personal touch ('Proud American'), indicating authenticity and strong investor/alpha signals. High tweet count suggests active engagement, suitable for DM from a professional peer.",https://x.com/onanitbranding
xsaltwedgex,🤖🙌 Teslageschwindigkeit 🙌🤖,794,184,85,True,"Authentic human with unique bio focused on $TSLA investment strategy, clear long-term commitment, and specific interests in electric vehicles and batteries. High investor signal due to explicit mention of $TSLA and investment behavior, suitable for DM from a professional peer.",https://x.com/xsaltwedgex
JuleskwWhite,Jules 🚗🔌🐈‍⬛❤️,720,566,85,True,"Authentic human with personal details (wife, stepmom, diver, travel enthusiast), clear investor signal via '@Tesla investor & owner' and support for Elon, suitable for DM as a peer investor.",https://x.com/JuleskwWhite
steph_rueff,Stéphane Rueff,682,1477,85,True,"Authentic human with a unique name and bio focused on long-term value investing, indicating genuine investor intent and suitability for professional DM engagement.",https://x.com/steph_rueff
Henrik_SD,Henrik ♻️,654,638,85,True,"Authentic human profile with unique personal details (name Henrik, specific interests in Tesla/SpaceX/Elon Musk/Crypto), strong investor signals (Entrepreneur and investor, ambassador roles), and high DM suitability as a peer for potential professional engagement.",https://x.com/Henrik_SD
markgarlow,Mark Garlow,550,408,85,True,"Authentic human with personal interests (golf, fishing) and clear investor signal ($TSLA investor, owner). Suitable for DM as a peer investor.",https://x.com/markgarlow
techprimitives,Sandy,511,315,85,True,"Bio includes personal details ('truth seeker', 'employee turned entrepreneur turned builder'), specific interests ('batman🦇'), and strong investor signals ('investor', 'entrepreneur', 'builder'). Follower stats and tweet count suggest authentic activity, not bot-like patterns.",https://x.com/techprimitives
DarkStoneCap,Dark Stone Capital,509,119,85,True,"Authentic human profile with specific investment focus on AI-driven strategies and stocks like $TSLA, $NVDA, $RIVN, indicating high investor/alpha signal; suitable for DM as a professional peer in finance/tech.",https://x.com/DarkStoneCap
gilles_bogaert,Gilles Bogaert,487,372,85,True,"Authentic human with unique bio containing personal details (polytechnic, STEM, BSC, MSc^2, MBA) and specific interests (AI, ML, NLP/NLU). Strong investor signals from keywords like 'investor', 'fundamental', 'conviction', and educational/professional credentials. High tweet count (14258) indicates active engagement, suitable for DM from a professional peer.",https://x.com/gilles_bogaert
alvsnarv,Al not ai,472,142,85,True,"Authentic human with personal Tesla ownership details (Model Y, Cybertruck), long-term investment signal ('TSLA bagholder since '17'), high tweet volume suggests active user, bio includes investor-relevant keywords (TSLA, HODLing) and specific interests, suitable for DM as a peer in Tesla/EV community.",https://x.com/alvsnarv
James14242834,Satoshi X,440,594,85,True,"Authentic human with unique bio detailing specific expertise in Bitcoin blockchain since 2009 and renewable energy engineering, indicating genuine personal interests. High investor signal from keywords like 'Bitcoin blockchain technology expert' and 'Mining bitcoin', suggesting crypto/tech investor or builder alignment. DM suitable as a peer in tech/crypto space.",https://x.com/James14242834
Prettysoulherb,Prettysoul,414,31,85,True,"Authentic human with unique personal details (Tesla, PLTR, SoFi investments, love for philosophers, red wines, and nature). Strong investor signals from bio keywords (investor, Tesla, PLTR, SoFi) and engagement (high tweet count). Suitable for DM as a peer investor.",https://x.com/Prettysoulherb
bentruong,Ben Truong,341,362,85,True,"Authentic human with personal interests (Hiker, Photographer), clear investor/entrepreneur keywords (Entrepreneur, Investor, Coach), and specific high-value tech focus (AI, Humanoid Robotics, Self Driving Car, Tesla, Nvidia). Suitable for DM as a professional peer.",https://x.com/bentruong
Mcog94,Mariano Olivera,286,310,85,True,"Authentic human with unique personal details (name, specific interests in cybersec, energy, AI, fintech, physics, software, M&A, and soccer), clear investor signals (US RE Investor, Senior Tech Exec, mentions of BTC/ETH price and Central Banks), and suitable for DM as a professional peer in tech and investment fields.",https://x.com/Mcog94
LeeMatt17631,ThunderX,275,512,85,True,"Authentic human with specific personal details (Tesla Model 3 collection date, advocacy for FSD in specific locations), strong investor signals (focus on $TSLA and $EOSE, indicating equity interest), and suitable for DM as a peer investor in Tesla/crypto topics.",https://x.com/LeeMatt17631
AiRTSLA,AiRTSLA,267,214,85,True,"Authentic human with unique bio focused on Tesla, SpaceX, and tech interests; high investor signal from keywords like Tesla, $TSLA, and tech; suitable for DM as a potential peer in investment/tech discussions.",https://x.com/AiRTSLA
j03labadawa,DM for Tesla Market Pulse 🚀📈,269,53,85,True,"Authentic human with unique bio containing personal details (e.g., 'Married to my Cybertruck'), specific interests in Tesla and investments, and keywords like 'INVESTOR' and '$TSLA'. High investor signal due to focus on Tesla shares, Dogecoin, BTC, ETH, and support for Elon Musk, making them suitable for DM from a professional peer in investment contexts.",https://x.com/j03labadawa
sLachapelle72,sLachapelle,226,778,85,True,"Bio includes 'Investor' and 'fan of disruptive tech', which are strong investor/alpha signals. Username and name appear personal and non-generic, suggesting authenticity. Follower/following ratio and tweet count are plausible for a human user.",https://x.com/sLachapelle72
QD_1987,K&D Capital Management,228,396,85,True,"Authentic human profile with professional details: username suggests personal initials/year, name indicates a capital management firm, bio specifies a long/short investment strategy, and stats show moderate engagement. Strong investor signal from keywords like 'Capital Management' and strategy mention, suitable for DM from a peer.",https://x.com/QD_1987
owings357,OWINGS,133,128,85,True,"Authentic human with specific personal details (Model 3 Owner, Tesla investor, Game developer), clear investor signals (Tesla investor), and suitable for DM as a professional peer in tech/investing.",https://x.com/owings357
InvestingAlpha1,しろ@投資🇺🇸💹10X株🚀,121,1122,85,True,"Authentic human with unique bio containing personal interests (investment, Tesla, Bitcoin, physical metal trading, cultural topics), location-specific (U.S. flag), and investor signals (keywords: 投資, Tesla $TSLA, Bitcoin, trader). High following count suggests active engagement, suitable for DM from a professional peer.",https://x.com/InvestingAlpha1
Christopherhwan,Christopher hwang,86,947,85,True,"Authentic human with personal investment focus on Tesla and NIO, high investor signal from bio keywords like 'investor', 'TSLA', and specific holdings, suitable for DM as a peer investor.",https://x.com/Christopherhwan
nikkitson,Kemyst,85,91,85,True,"Bio includes specific investor keywords ('Founder', 'Business Technologist', '$TSLA investor'), indicating genuine professional identity and potential alpha signal. Authenticity supported by unique name and bio details, not generic or bot-like. DM suitability high as a peer in business/tech/investing.",https://x.com/nikkitson
eliranngr,EliranNGR,1340,471,75,True,"Authentic human with unique personal details (Ex IT Architect, specific interests in Tesla, SpaceX, astrophysics). Strong investor/alpha signals from Tesla, Elon Musk, and tech-related affiliations, indicating potential as a peer or investor in tech/innovation sectors.",https://x.com/eliranngr
gustavoadrn,Gustavo Adrian,1189,988,75,True,"Authentic human with personal name and bio referencing Elon Musk (rockets/electric cars), indicating tech/entrepreneurial interest. High tweet count suggests active user, suitable for DM as potential peer in tech/investment circles.",https://x.com/gustavoadrn
SQIRREL666,SQIRREL,910,131,75,True,"Authentic human with unique personal interests (car enthusiast, Tesla fanatic, retired entrepreneur, glamping lover) and specific ownership details (Cybertruck and Model Y). High investor signal due to 'retired entrepreneur' and Tesla focus, indicating potential wealth and investment mindset. Suitable for DM as a peer in entrepreneurial/tech circles.",https://x.com/SQIRREL666
teslasimulator,CyberSimulator 🙃 𝕏,744,828,75,True,"Authentic human with unique bio referencing Tesla and simulation, high tweet volume suggests active user, strong investor signal from $TSLA mention and tech/crypto interest, suitable for DM as peer in investment/tech space.",https://x.com/teslasimulator
salvopolise,Salvatore Polise,698,1420,75,True,"Authentic human with personal name and specific interests in Tesla and space, indicating potential investor alignment with tech/equity themes.",https://x.com/salvopolise
bitstheen,STHEEN,704,1107,75,True,"Authentic human with unique bio combining tech, finance, and Bitcoin interests; high investor signal from keywords like 'finance', 'sound money ₿', and 'robot overlord maximalist' suggesting crypto/tech focus; suitable for DM as a peer in tech/finance space.",https://x.com/bitstheen
elonteam42069,Optimus Economy 👀,565,1021,75,True,"Authentic human with personal details (e.g., 'Some dude on X', 'Ex coding warrior'), specific investment history ('HODLing $tsla since 2014'), and investor signals (Tesla focus, retirement mention). High follower-to-tweet ratio suggests genuine engagement, suitable for DM as a peer investor.",https://x.com/elonteam42069
TheCyberhemian,The Convergence,506,909,75,True,"Authentic human with unique literary bio referencing 'Moby-Dick', specific interests in SpaceX, Tesla, and xAi indicating tech/innovation focus, and follower/following ratio suggests genuine engagement, though not explicitly an investor, high potential for alpha signal in tech convergence topics.",https://x.com/TheCyberhemian
Jekineer,Jek,507,454,75,True,"Authentic human with unique bio humor, specific professional role (Manufacturing Equipment Engineer & Technomancer), Tesla affiliation (Semi Battery @Tesla SFNV) indicating tech/industry expertise, and high tweet count (13904) suggesting active engagement. Strong investor/alpha signals from Tesla and engineering background, suitable for DM as a professional peer.",https://x.com/Jekineer
teslamonthly,Ray 𝕏 Kine Burgers,371,614,75,True,"Authentic human with unique bio combining personal interests (burgers) and investment focus (Tesla, wisdom). High investor signal from keywords like 'Investment' and 'Tesla', suggesting potential for DM engagement as a peer investor.",https://x.com/teslamonthly
CryptoNfood,Crypto 'N Food 🧑‍🍳,367,680,75,True,"Authentic human with unique bio blending crypto and food metaphors, clear personal interests, and specific mention of #Coinbase. Shows investor/alpha signals through crypto engagement and trading terminology, suitable for DM as a peer in crypto space.",https://x.com/CryptoNfood
greentechfusion,GreenTechFusion.solar,329,510,75,True,"Authentic human with specific interests in renewable energy, Tesla, and SpaceX; bio includes investor keyword and $TSLA signal, indicating potential for DM engagement as a peer in tech/investing.",https://x.com/greentechfusion
Imran_Razaq,Imran Raz,330,1058,75,True,"Authentic human with personal details (father of three boys), bio includes investor keywords (investments, finance, tech), and shows genuine interests, making them suitable for DM as a potential peer or investor.",https://x.com/Imran_Razaq
ietanalex,Alex,291,405,75,True,"Authentic human with unique personal details (Austrian CIO, Tesla Owners Club Austria, oldschool CS gamer). Strong investor/alpha signals: IT & Digitalization enthusiast, Tesla, AI, robotics, and CIO role indicate tech-savvy and potential investment interest. Suitable for DM as a professional peer in tech/innovation.",https://x.com/ietanalex
SpaceXWallets,JackieLovesFSD ♥️,214,1396,75,True,"Bio contains specific personal details (redesigned car dash in 2015, CarPlay, Car keys, app-based, Made in USA), interests in tech (FSD, AI, SpaceX, Starlink), and keywords like 'Goals' and 'Shop' suggesting entrepreneurial or investor mindset, with no generic bot-like phrases.",https://x.com/SpaceXWallets
garyjlavin,Gary Lavin,180,347,75,True,"Authentic human with personal details (family, specific interests), bio signals founder/entrepreneur with AI focus, suitable for DM as professional peer.",https://x.com/garyjlavin
WasteofAmmo,Jason C,169,1061,75,True,"Authentic human with unique bio focused on AI, abundance, and multi-planetary themes; includes personal name and specific interests (e.g., Tesla, tech), aligning with investor/alpha signals like 'Real-world AI' and space/tech keywords, suitable for professional DM.",https://x.com/WasteofAmmo
INKAMEN,Clint,145,776,75,True,"Authentic human with unique bio focused on Tesla, SpaceX, xAI, Neuralink, and cutting-edge tech, indicating genuine interest in high-tech investments. Bio includes investor-relevant keywords like 'Tesla' and 'cutting-edge tech', suggesting potential for alpha signals. Suitable for DM as a professional peer interested in tech and innovation.",https://x.com/INKAMEN
9562MARS,Manny,133,270,75,True,"Authentic human with personal details (Manny, Rio Grande Valley, God, Family), diverse interests (Builder, Insurance, XRP, World Traveler, SpaceX, Tesla, Texas), and investor/alpha signals (Builder, XRP, SpaceX, Tesla). Suitable for DM as a professional peer.",https://x.com/9562MARS
HalfBullBear,OAKLAND - Neither Bull nor Bear,102,409,75,True,"Authentic human with unique bio, specific location (OAKLAND), and personal interests in technical analysis and trading. Strong investor signals from keywords like Technical Analyst, Stock/Crypto Trader, and market-related hashtags (#BTC, #SPX, #ETH). Suitable for DM as a professional peer in finance/crypto.",https://x.com/HalfBullBear
milkkyway01,Crypto James,60,24,75,True,"Authentic human with unique bio referencing crypto and tech concepts (Zero-knowledge, Bitcoin, neural nets), likely a crypto enthusiast or investor; investor signals from 'Crypto' in name and bio, but limited follower count suggests niche focus.",https://x.com/milkkyway01
stjdjordje,Djordje Stojanovic,9,146,75,True,"Authentic human with personal details (age, profession, location, learning focus). Bio includes 'long term investor' and references to 'greatest Investors', indicating genuine interest in investing. Suitable for DM as a peer investor.",https://x.com/stjdjordje
DrVivek1886,Dr.Vivek Raskar,1119,442,70,True,"Authentic human with unique personal details (Dr.Vivek Raskar, Metabolic Physician, Senior Medical Advisor), bio includes 'Investor' and 'Techno-Enthusiastic' indicating investor/alpha signals, suitable for DM as a professional peer.",https://x.com/DrVivek1886
809trader,809 trader🇩🇴,1100,403,70,True,"Authentic human with personal details (location reference to Dominican Republic via flag, specific sports team interest), bio includes investor keyword ('Biotech investor') and personal philosophy, high tweet count suggests active engagement, suitable for DM as a professional peer in investing.",https://x.com/809trader
kinderadam,Adam Kinder,1096,1093,70,True,"Authentic human with personal details (former football player, specific university), clear Tesla affiliation (#0.3% suggests ownership/interest), and high tweet count indicating active engagement. Investor signals from Tesla involvement and potential tech/equity interest, suitable for DM as a professional peer in tech/investing circles.",https://x.com/kinderadam
NavSha,Navneet Sharma ⚡️,992,1038,70,True,"Authentic human with unique bio detailing co-founder role at Airtribe, specific past experience as Product Director at Unacademy, and personal interests in tech, science, and art. Shows investor/alpha signals through entrepreneurial keywords like 'Co-founder' and 'Product Director', indicating potential as a peer or partner for @TheCaptainEli. DM suitable for professional engagement.",https://x.com/NavSha
yonyoniz,Yonatan George,841,1147,70,True,"Authentic human with personal details (Israeli, Tel Aviv, languages), bio includes 'Building Agents' and 'Vibe Engineering' suggesting tech/entrepreneurial focus, high tweet count indicates active engagement, suitable for DM as a peer in tech/building space.",https://x.com/yonyoniz
nurav010,varun,646,859,70,True,"Authentic human with unique personal details (snowboarder, traveler, dental surgeon, founder of MDapp). Bio includes investor/builder keywords (Founder, builder, 𝕏 scientist) and diverse interests, indicating a real person with entrepreneurial and tech focus suitable for professional DM engagement.",https://x.com/nurav010
theJoshTW,Josh TW,391,112,70,True,"Authentic human with unique bio focused on energy innovation in Africa, indicating real interests and location specificity. Bio includes 'Cactus Is The New Lithium,' suggesting entrepreneurial or tech-investor mindset, aligning with investor signals like 'Builder' and 'Tech.' High tweet count supports genuine activity, suitable for DM from a professional peer.",https://x.com/theJoshTW
MU_sings,UM🐷🐔🌊⛰️🪙,306,521,70,True,"Authentic human with personal interests in AI, Tesla, and SpaceX; bio shows genuine engagement with tech trends, though lacks explicit investor keywords, suggesting potential for alpha interest.",https://x.com/MU_sings
LouisPolart,Louis Polart,234,598,70,True,"Authentic human with specific professional details (Software engineer in C++ & Python, AI enthusiast) and explicit 'Investor' keyword in bio. Moderate follower count and high tweet volume suggest genuine activity. Suitable for DM as a peer in tech/investing.",https://x.com/LouisPolart
MKing_SF,Michael King,214,636,70,True,"Authentic human with specific details: name, current role at xAI, ex-Tesla, Clemson alum. Shows tech/entrepreneurial signal, suitable for DM as professional peer.",https://x.com/MKing_SF
SarahLeePresley,Sarah Presley,202,182,70,True,"Authentic human with unique bio detailing founder/CEO role and specific interests in space exploration; investor signals from 'Founder & CEO' and tech focus, suitable for DM as a professional peer.",https://x.com/SarahLeePresley
Orbitrn,Orbitron,36,57,70,True,"Bio includes specific interests in high-tech companies (Tesla, SpaceX, etc.) and AI, which are common among tech enthusiasts and potential investors. The username and name are coherent and not generic, suggesting authenticity. However, the follower count is low, which may indicate a niche or new account rather than a high-profile investor.",https://x.com/Orbitrn
JoeShmo2pt0,Joe Shmo,1487,359,65,True,"Authentic human with personal details (Tesla owner, referral code, specific car model), investor signal from $TSLA holder mention, suitable for DM as a peer in Tesla/investing community.",https://x.com/JoeShmo2pt0
TwinNasT,TooNasT,1372,711,65,True,"Authentic human with unique bio indicating developer role and Bitcoin interest ('stacking sats'), moderate follower count, and no bot-like generic phrases; investor signals from crypto involvement but limited explicit investor keywords.",https://x.com/TwinNasT
mosetibosire,Moseti🛡️,1252,995,65,True,"Authentic human with unique bio detailing specific interests (tech, math, physics, crypto), personal expression, and location signals. Investor signals include keywords like 'crypto' and specific crypto mentions ($ZEC, $Zodler), but lacks direct investor/VC terms. High tweet count and balanced follower ratio support authenticity.",https://x.com/mosetibosire
SatoshiDegene,Castlejnr,1142,1215,65,True,"Authentic human with unique bio detailing personal growth, onchain activities, and roles like Vibecoder, streamer, and Agentic Engineer. Shows investor/alpha signals through 'onchain things' and tech-related terms, but lacks direct investor keywords like 'Investor' or 'VC'. Suitable for DM as a professional peer in tech/crypto space.",https://x.com/SatoshiDegene
TheAIObserverX,nat | localhost: auriel,1133,311,65,True,"Authentic human with personal details (name 'nat', location 'localhost: auriel', specific interests in AI/LLMs/Robots, proud Tesla owner, personal blog). Shows investor/alpha signals through tech/AI focus and Tesla ownership, but lacks direct investor keywords like 'investor' or 'VC'. DM suitable as a professional peer in tech/AI space.",https://x.com/TheAIObserverX
SkipCampbell4,Skip Campbell,1126,798,65,True,"Authentic human with personal name and bio containing disclaimers and specific interests in Energy & Health, indicating real engagement; investor signals moderate due to focus on sectors but lacks direct keywords like investor or founder.",https://x.com/SkipCampbell4
HemalParikh0,Hemal Parikh,1101,226,65,True,Authentic human with personal name and bio focused on wealth management and learning; investor signals include 'managing money to grow wealth' and high tweet volume indicating active engagement; suitable for DM as a peer interested in financial growth.,https://x.com/HemalParikh0
voidfreud,Void Freud,1099,384,65,True,"Authentic human with unique bio containing personal details (Computer Science @KingsCollegeLon) and specific interests (AI e/acc, libertarian). Shows investor/alpha signals through pro-capitalist stance and tech focus, but lacks direct investor keywords like 'Investor' or 'VC'. DM suitable as a professional peer in tech/AI space.",https://x.com/voidfreud
Tesladamu1785,Damodara Rao Pedamallu,968,144,65,True,"Authentic human with personal name and specific interests (Software Engineer, TSLA Enthusiast). Shows investor/alpha signal through TSLA focus, but not explicitly an investor. Suitable for DM as a professional peer in tech/TSLA.",https://x.com/Tesladamu1785
female_muskito,Shadowfax,934,643,65,True,"Authentic human with unique interests (Tolkien, Tesla, SpaceX), personal views, and specific hashtags; investor signals from Tesla/SpaceX keywords and entrepreneurial tone, but not explicitly an investor.",https://x.com/female_muskito
0xRuin_,0xRuin_,848,998,65,True,"Authentic human with unique bio detailing Web3/Dev, AI Tech Designer, and personal interests; investor signals from Web3 and tech focus, suitable for DM as a professional peer in tech/crypto.",https://x.com/0xRuin_
kiwithedoge,Kiwi the Tesla doge,819,1062,65,True,"Authentic human with personal details (mom, dogmom, horsemom) and specific interests in Tesla, SpaceX, xAI, Neuralink, and The Boring Company. Shows investor/alpha signals through passion for innovation and tech companies, but lacks explicit investor keywords like 'investor' or 'VC'. DM suitable as a peer interested in tech and innovation.",https://x.com/kiwithedoge
DavinciFred,Davinci Fred,810,881,65,True,"Authentic human with unique bio detailing specific interests in green tech, EVs, Tesla, and politics, indicating genuine personal engagement. Shows investor/alpha signals through focus on Tesla and tech, but lacks direct investor keywords like 'investor' or 'VC'. High tweet count suggests active user, suitable for DM from a professional peer in related fields.",https://x.com/DavinciFred
SonicCruise,Joe,739,170,65,True,"Authentic human with personal interests (Israel supporter, Elon Musk fan, Tesla, FSD tester, SpaceX), location-specific (Israel), and investor/alpha signals (Tesla, Elon Musk fan, tech focus). High tweet count suggests active engagement, but bio lacks explicit investor keywords like 'Investor' or 'VC', lowering score.",https://x.com/SonicCruise
kindcho,Chapter II,708,1212,65,True,"Authentic human with personal interests (TSLA, economic freedom, happy parenting, tech industry interest), bio includes investor signals like TSLA and tech, but not explicitly an investor or professional; suitable for DM as a peer with shared interests.",https://x.com/kindcho
getmedievalt,Jeffrey Simpson,695,700,65,True,"Authentic human with personal name and specific interests in high-tech companies (TESLA, SpaceX, Neuralink), indicating potential investor/alpha signal; bio includes a Tesla referral link, suggesting engagement with investment themes, though not explicitly labeled as an investor.",https://x.com/getmedievalt
1stOrator,Second Foundation ⚛️,644,182,65,True,"Bio shows unique personal interests (Sigma, Libertarian, specific tech topics like AI/Robots/Transhumanism) and a creative username, indicating authenticity. Investor signals are moderate due to tech focus but lack direct keywords like investor or founder; high tweet count suggests active engagement, suitable for DM from a peer in tech/AI fields.",https://x.com/1stOrator
AcceleratingTec,Accelerating.Tech,619,980,65,True,"Authentic human with personal details (Tesla owner, specific interest in electric vehicles), bio includes investor/alpha signals (Tesla, tech focus), suitable for DM as a peer in tech/EV space.",https://x.com/AcceleratingTec
NewWorldMan42,NewWorldMan,515,189,65,True,"Authentic human with personal details (Gen X, retired, technology optimist), diverse interests, and no bot-like generic content. Shows investor/alpha signals through technology focus and independent mindset, suitable for DM as a professional peer.",https://x.com/NewWorldMan42
prudent_AI,Prudent AI,509,961,65,True,"Authentic human with unique bio focusing on AI and robotics, entrepreneurial signal present, but limited direct investor keywords; suitable for professional DM.",https://x.com/prudent_AI
yourliestophere,Lies are bad,465,661,65,True,"Bio shows authentic personal expression with unique phrases (e.g., 'Missionary not Mercenary'), includes crypto-related keywords ('Crypto Geek and Evangelist'), and has a reasonable follower-following ratio, indicating a real user with potential investor interest in crypto.",https://x.com/yourliestophere
offgridalchemy,Off-Grid Alchemy,441,663,65,True,"Authentic human with unique personal details: ex-Film and ex-Game dev background, homestead interest, Hawaiian phrase, and disclaimer. Shows speculator role and diverse interests, but investor keywords are moderate (speculator only).",https://x.com/offgridalchemy
levichitekwe,Levi Chitekwe,240,417,65,True,"Authentic human with unique bio referencing market trenches and soycialism, indicating interest in markets/economics; investor signals moderate due to market-related terms but no explicit investor keywords; suitable for DM as a peer in finance/meme culture.",https://x.com/levichitekwe
Skythelimit4545,Aurora Sky,208,850,65,True,"Bio includes personal details (Aurora Sky, explorer, tech visionary, AI advocate, US flag) and unique interests, not generic bot content. Keywords like 'tech visionary' and 'AI advocate' signal potential investor/alpha interest, though not explicitly financial. High tweet count may indicate bot-like activity, but overall authenticity leans human with moderate investor potential.",https://x.com/Skythelimit4545
Teslatir,Teslatir,200,175,65,True,"Authentic human with specific interests in Tesla and Palantir, indicating potential investor/alpha signal; high tweet count suggests active engagement, but limited bio details reduce certainty.",https://x.com/Teslatir
drumrollDawg,life,194,821,65,True,"Bio shows personal expression and authenticity, not generic bot language. Investment signals present with specific stock/crypto tickers ($TSLA, $BTC, etc.), indicating active interest in markets. High tweet count and follower/following ratio suggest real engagement, though not strongly investor-focused in bio.",https://x.com/drumrollDawg
Luisito518,Luis 🇺🇸🇵🇷,146,277,65,True,"Authentic human with personal details (Software Architect, retired Air Force, father of 4, specific hobbies like RC Helicopters). Bio includes investor/alpha signals (Tesla, SpaceX, tech interests) and ownership of high-value assets (#Tesla #ModelX, #PlaidModelS), indicating potential for investment discussions. DM suitable as a professional peer in tech/EV space.",https://x.com/Luisito518
tezlawatch,Shaun Tesla Watch 🔋🔋📡🚀📯,139,355,65,True,"Authentic human with unique bio expressing personal interests in disruptive tech, robots, rockets, AI, and sustainable economy since 1998; includes Tesla reference and emojis indicating enthusiasm; moderate investor signal due to tech focus but lacks explicit investor keywords; suitable for DM as a peer in tech community.",https://x.com/tezlawatch
amn81052,Amogh,136,479,65,True,"Authentic human with personal details (PNW location, 'random life stuff'), bio includes 'Tesla' as an investor/alpha signal, but lacks direct investor keywords; suitable for DM as a peer interested in relevant topics.",https://x.com/amn81052
SambitBobby,Sambit Mohanty,136,1412,65,True,"Authentic human with diverse interests in real estate, science & technology, finance & marketing, and rational thinking; bio shows personal engagement and lacks bot-like generic phrases; investor signals from finance and technology focus, but not explicitly an investor or high-profile; suitable for DM as a professional peer.",https://x.com/SambitBobby
onefrom7billion,1 from 7B,121,123,65,True,"Authentic human with unique bio emphasizing startups, business, technology, and independent thinking; investor signals present through startup enthusiast and building activities, but lacks explicit investor keywords like 'investor' or 'VC'.",https://x.com/onefrom7billion
nullhypeai,Null Hype,97,266,65,True,"Authentic human with unique bio focused on AI strategy, product economics, and enterprise SaaS; shows professional expertise and niche interests, but lacks direct investor keywords like 'investor' or 'VC', though implies business acumen suitable for peer engagement.",https://x.com/nullhypeai
starship44008,Starship,33,24,65,True,"Authentic human with personal interests (Tesla, X-Files, art, space) and investor keywords (Invest, Tesla Owner). Low follower count but genuine bio suggests a real person with investment interest, suitable for DM as a peer.",https://x.com/starship44008
Rational_Tesla,Rational Tesla,32,111,65,True,"Authentic human with unique bio expressing specific interests in Tesla and related technologies, including investor-relevant terms like 'FSD' and 'RoboTaxi'. Moderate investor signal due to focus on Tesla, but limited explicit investor keywords or high follower count.",https://x.com/Rational_Tesla
stargazer2022_,stargazer,28,73,65,True,"Authentic human with unique bio indicating AI entrepreneurship and specific interests in token economics and future of work; moderate investor signals from entrepreneurial keywords, but low follower count suggests limited influence.",https://x.com/stargazer2022_
teslafsdreview,TESLA FSD REVIEW,6,14,65,True,"Authentic human with niche Tesla/tech focus; bio includes personal interests (Tesla Roadster Pilot, decoding Elon's galaxy) and specific keywords (Tesla, SpaceX, Stocks, Cryptos, Tech futurist), indicating potential investor/alpha signal in tech and crypto sectors, though follower count is low.",https://x.com/teslafsdreview
cyberoffroad,jerardo perez,1454,846,60,True,"Authentic human with personal details (father of 5, offroad enthusiast, specific interests in Tesla, Jeeps, tech). Bio includes keywords like 'tesla' and 'tech', indicating potential investor/alpha signal. Suitable for DM as a peer interested in tech and vehicles.",https://x.com/cyberoffroad
PetecoleO,@CyberHusky,872,1217,60,True,"Authentic human with personal interests (Huskies, Dogs, Spurs) and specific mention of TESLA as an investor signal; high tweet count suggests active user, but bio lacks explicit investor keywords like 'Investor' or 'Founder'.",https://x.com/PetecoleO
SystemSculpt,Mike (SystemSculpt),823,183,60,True,"Authentic human with personal details (Chicago-born, RuneScape private server era, CLI maxxer since 2005) and specific interests. Shows early adopter mindset ('first to discover/test the next best thing'), which aligns with investor/alpha signals for tech and crypto. Suitable for DM as a peer interested in innovation.",https://x.com/SystemSculpt
yhtoto1,dklove,477,962,60,True,"Authentic human with personal interest in Tesla (TESLAM since 2020), but bio lacks explicit investor keywords; moderate investor signal due to potential tech/crypto interest implied by Tesla focus.",https://x.com/yhtoto1
AusyOcean,Hong,408,605,60,True,"Authentic human with personal interests in Tesla and SpaceX, indicating potential tech/investor alignment; bio includes philosophical elements but not generic bot-like quotes; high tweet count suggests active engagement; investor signals moderate due to lack of explicit investor keywords but strong tech focus.",https://x.com/AusyOcean
NecheXTech,NecheX,387,243,60,True,"Bio shows authentic personal interests in systems thinking and innovation, not generic bot language. Keywords like 'build' and 'technology' suggest potential investor/entrepreneur alignment, but lacks direct investment signals like 'investor' or 'crypto'.",https://x.com/NecheXTech
RuhanVarma,Ruhan Varma,218,390,60,True,"Authentic human with personal interest in Tesla and FSD, indicating potential alignment with tech/investor themes; moderate investor signal due to lack of explicit investor keywords but high DM suitability as a peer in tech/automotive space.",https://x.com/RuhanVarma
dheerajkamra1,Dheeraj Kamra,193,357,60,True,Authentic human with personal name and bio indicating founder role; investor signals moderate due to founder keyword but limited to health sector; suitable for DM as professional peer.,https://x.com/dheerajkamra1
AIOptimist1,TheAIOptimist,86,372,60,True,"Bio shows authentic personal interests in AI and crypto with a positive, human-centric tone; includes keywords like 'crypto' and 'Technology', but lacks direct investor signals like 'Investor' or 'Founder'; follower-following ratio suggests genuine engagement.",https://x.com/AIOptimist1
Hermuse794,hermuse,70,481,60,True,"Authentic human with founder role and specific project links, but limited investor keywords and low follower count reduce confidence.",https://x.com/Hermuse794
Anujceo,Anuj,16,401,60,True,"Authentic human with unique bio covering diverse interests (Global Affairs, AI, Business, Space Enthusiast), no bot-like generic content. Shows investor/alpha potential with keywords like 'AI' and 'Business', but lacks direct investor terms (e.g., Investor, VC). DM suitable as a professional peer in tech/business fields.",https://x.com/Anujceo
jonathan_feng,Jonathan Feng,1337,431,40,True,"Authentic human with personal name and bio indicating professional role at xai, but lacks explicit investor keywords; moderate investor potential based on tech industry connection.",https://x.com/jonathan_feng
JH7380NJ,NurseToInvestor101,1324,328,40,True,"Authentic human with personal details (Taiwanese American, Christian, lifestyle values), but lacks direct investor keywords; bio focuses on personal identity and faith, not professional or investment signals.",https://x.com/JH7380NJ
MancerAI_,MancerAI,1262,1056,40,True,"Authentic human with unique bio detailing AI development, physics background, and personal interests; lacks direct investor keywords but shows potential as a tech peer for DM engagement.",https://x.com/MancerAI_
tslabeatpodcast,Tesla Beat Podcast,1179,13,40,True,"Authentic human-run podcast with specific Tesla focus, hosts listed, and consistent activity. Moderate investor signal due to Tesla content but not direct investor keywords.",https://x.com/tslabeatpodcast
hyperiongr,Konstantinos,1204,1060,40,True,"Authentic human with unique personal details (name, nationalities, interests in space, physics, robotics, political leaning, and specific Martian location). Bio lacks direct investor keywords but shows techno-optimism and futuristic interests, suggesting potential alignment with tech/investment communities. DM suitability moderate as a peer in tech/innovation.",https://x.com/hyperiongr
DouglasHoang,GR0K3 @ Douglas VX Hoang,1186,679,40,True,"Authentic human with detailed professional bio including Corporate Finance Accountant, Real Estate Agent, and Import/Export Consultant. No direct investor keywords like 'Investor' or 'VC', but finance and real estate roles suggest potential financial acumen. Bio is specific and personal, not generic or bot-like.",https://x.com/DouglasHoang
SpaceportWill,Will Brown,1093,1190,40,True,"Authentic human with unique bio about spaceport real estate, but lacks direct investor keywords; moderate follower count suggests real engagement.",https://x.com/SpaceportWill
AlvigodOP,Alvin,1059,1020,40,True,"Bio shows unique personal traits (e.g., 'Introvert irl, extrovert online', 'Centrist Dude on X') and specific interests ('Accelerationist believer', 'OpenSource'), indicating authenticity. No direct investor keywords, but terms like 'Accelerationist' and 'OpenSource' suggest tech/innovation interest, though not strongly aligned with traditional investment signals.",https://x.com/AlvigodOP
bettina_hauge,Bettina Hauge 🇩🇰🇪🇺✨🚀,1012,475,40,True,"Authentic human with personal details (Danish/EU flags, interests in space/engineering), but bio lacks direct investor keywords; investor score moderate due to potential tech/entrepreneurial overlap.",https://x.com/bettina_hauge
Nextllive,Next🇺🇸❤️,1004,772,40,True,"Bio shows authentic human interests in peace and technology with a unique perspective on multiplanetary survival, but lacks direct investor keywords; follower/following ratio and high tweet count suggest active engagement, though investor signals are moderate.",https://x.com/Nextllive
CVincente19,Christian Vincente,1022,715,40,True,"Authentic human with personal details (age, university, field of study) and a genuine bio expressing interest in building the future. Moderate investor signal from 'build the future' suggesting potential in tech/engineering, but lacks direct investor keywords like 'investor' or 'founder'. DM suitability is moderate as a peer in tech/engineering.",https://x.com/CVincente19
CoreyNoles,Corey Noles,936,1288,40,True,"Authentic human with unique bio details (Editor, Podcast Host, Agent Architect, personal interests in vinyl and StL location). Low investor signal as bio focuses on AI/tech media and creative roles rather than direct investment keywords, but suitable for professional DM due to tech/entrepreneurial overlap.",https://x.com/CoreyNoles
raketstar2,Raket,817,555,40,True,"Bio contains unique personal details (Anne R. B. Roberts, specific projects like 90's AI zine, Y2K problem, IEEE involvement) indicating authenticity. No direct investor keywords, but technical background (IEEE, AMD) suggests potential for tech/entrepreneurial interest, though not explicitly financial.",https://x.com/raketstar2
peterlemz,mostly tesla things,794,1198,40,True,"Username is personal (peterlemz), name suggests niche interest in Tesla, high tweet count (8355) indicates active human engagement, but bio is empty and following/follower ratio suggests casual user rather than clear investor signal.",https://x.com/peterlemz
Jays200,Jays,784,572,40,True,"Authentic human with unique personal story about Tesla Model X adventure, indicating real-world interests and experiences. Bio lacks direct investor keywords but shows affinity for Tesla/tech, suggesting potential for investment interest. High tweet count and moderate follower ratio support human activity.",https://x.com/Jays200
dbAchchat,bAchchat 🥖🏃,742,538,40,True,"Authentic human with unique bio referencing 'breadchasing' and 'paying bills with jpegs', indicating crypto/NFT interest. Moderate investor signal due to crypto involvement but lacks explicit investor keywords like 'investor' or 'VC'.",https://x.com/dbAchchat
luizfl,Luizfl,726,245,40,True,"Authentic human with personal religious and patriotic elements in bio, includes stock market interest but lacks strong investor keywords; moderate signal due to US stock market mention but not explicitly investor-focused.",https://x.com/luizfl
DakshantSharma,Dakshant Sharma,661,973,40,True,"Authentic human with personal details (name, profession as Data Engineer, specific support for Elon Musk). Bio includes 'supporting @elonmusk for Free Speech', which aligns with investor/alpha signals related to tech and free speech interests. However, lacks direct investor keywords like 'Investor' or 'VC', and high tweet count (51177) may indicate bot-like activity but balanced by professional context and specific interests.",https://x.com/DakshantSharma
anilsinghpnb,Tesla Singh 🌍,627,266,40,True,"Authentic human with personal name and location reference in username, but bio is generic 'Tech Enthusiast' with no strong investor keywords; high tweet count suggests active user, but limited alpha signals.",https://x.com/anilsinghpnb
jinfeng,Jin Feng,602,574,40,True,"Authentic human with unique personal details (ex-Twitter/Microsoft engineer, specific interests in space/engineering/physics). Bio lacks direct investor keywords but shows high technical expertise and professional background, suggesting potential for investment interest in tech/engineering fields. DM suitable for professional peer engagement.",https://x.com/jinfeng
MKoscP,Michael Krupp,537,315,40,True,"Authentic human with a unique name and bio expressing admiration for Elon Musk, but lacks direct investor keywords or professional signals; moderate score due to potential interest in tech/entrepreneurship.",https://x.com/MKoscP
ElonTopic,イーロンマスク日本語 ElonTopic,536,379,40,True,"Authentic human with unique Japanese-focused bio on Elon Musk topics, but lacks direct investor keywords; signals interest in tech/crypto trends, suitable for DM as a niche enthusiast.",https://x.com/ElonTopic
Justoneofthose1,Life!Moments are what it is about.,535,321,40,True,"Authentic human with personal interests (Family, friends, Tesla, Traveling, Tech, Energy) and specific details, but lacks direct investor keywords; moderate potential due to tech/energy mentions.",https://x.com/Justoneofthose1
abingos2,P.F Strawson,526,935,40,True,"Authentic human with unique bio covering technology, digital intelligence, and politics, plus specific location (Abia). Moderate investor signal from 'Technology' keyword, but lacks direct investor terms like 'Investor' or 'VC'. High tweet count suggests active user, suitable for professional DM.",https://x.com/abingos2
mrdanielbar,NPCicero ⚔️,517,719,40,True,"Bio shows authentic human traits with unique, humorous phrases (e.g., 'Space faring caveman', 'Futuristic luddite') and personal interests, but lacks direct investor keywords; investor score is moderate due to potential alignment with tech/crypto culture from terms like 'XLLM', 'FAFO', and 'LFG'.",https://x.com/mrdanielbar
yancy_the_bull,Yancy,497,1075,40,True,"Authentic human with personal bio expressing belief in passion, includes #btc indicating crypto interest, but lacks strong investor keywords like investor, founder, or equity; moderate follower count and high tweet volume suggest genuine activity.",https://x.com/yancy_the_bull
joshuaarey,Joshua Arey,382,734,40,True,"Authentic human with personal name and mission-driven bio, but lacks direct investor keywords; bio focuses on financial empowerment which may indicate interest in finance or investing, but not explicitly an investor.",https://x.com/joshuaarey
Brodde4Real,Stefan Broddesson 🇸🇪,374,87,40,True,"Authentic human with personal details (name, flag), but bio lacks clear investor keywords; moderate follower count and high tweet volume suggest active user, though investor signals are weak.",https://x.com/Brodde4Real
Z4chOnEarth,Zach,374,788,40,True,"Authentic human with personal details (age, name, interests), but investor signals are weak; bio includes 'Entrepreneur' which is a positive keyword, but lacks strong investor/alpha terms like 'Investor' or 'VC'. High tweet count suggests active user, suitable for DM as a peer in entrepreneurial space.",https://x.com/Z4chOnEarth
rayanabdulcader,Rayan A Cader,366,690,40,True,"Authentic human with personal interests in gaming, tech, and AI; bio is unique and not generic. Moderate investor signal due to tech/AI focus, but lacks explicit investor keywords like 'investor' or 'founder'. Suitable for DM as a peer in tech/AI space.",https://x.com/rayanabdulcader
davidravenx,THE RAVEN’S CALL,350,626,40,True,"Authentic human with personal bio details (Author, Communicator, use of Grok for grammar), but lacks direct investor keywords; moderate follower count and high tweet volume suggest active user, though bio is somewhat generic and not strongly aligned with investor/alpha signals.",https://x.com/davidravenx
yinkadeniran,Yinka Adeniran,322,44,40,True,"Authentic human with personal details (name, role as professor, company affiliation), but bio lacks direct investor keywords; focus on building a health group and Africa-related insights suggests potential as a professional peer, though not a strong investor signal.",https://x.com/yinkadeniran
TheRusoaica,MA,308,572,40,True,"Bio shows personal interests (Love, Security, Privacy, Innovation, Art) and community-building focus, indicating authenticity. Lacks direct investor keywords, but mentions 'Innovation' and 'community of innovation' suggest potential alignment with entrepreneurial themes, though not strongly investor-specific.",https://x.com/TheRusoaica
ChrisMonti72,Christian Montén,289,382,40,True,"Authentic human with personal interests (golf, martial arts, sustainability) and specific mentions of Tesla and PV (likely solar power), but lacks direct investor keywords; moderate follower count and high tweet volume suggest genuine user, though investor signal is low.",https://x.com/ChrisMonti72
LRodz1968,LILLY,286,576,40,True,"Authentic human with personal details (proud mom, specific interests in Elon Musk, SpaceX, Tesla, Neuralink). Bio shows genuine enthusiasm and personal identity, not generic bot content. Investor signals are moderate due to interest in tech/entrepreneurial topics like Tesla and SpaceX, but lacks direct investor keywords (e.g., investor, founder, VC). Suitable for DM as a peer in tech/innovation circles.",https://x.com/LRodz1968
RealGautamAtri,Gautam Atri - Realty & Mortgage,281,608,40,True,"Authentic human with specific personal and professional details (name, company, DRE/NMLS numbers, location). Bio indicates real estate professional, not a bot. Investor score moderate due to focus on real estate/mortgage, which may align with investment interests but lacks direct crypto/tech/VC keywords.",https://x.com/RealGautamAtri
justBill,Bill,260,215,40,True,"Authentic human with personal details (software building, AI interest, lifting), but lacks direct investor keywords; potential as a tech peer for DM engagement.",https://x.com/justBill
AIbolic,AIbolic - AI and Tech,194,226,40,True,"Authentic human with unique bio focused on AI and tech, includes personal email and community leadership, but lacks direct investor keywords; suitable for DM as a professional peer in tech.",https://x.com/AIbolic
monzi64,Simon,170,20,40,True,"Authentic human with personal interests (adventures, fitness, author) and specific fandom (Tesla & SpaceX). Moderate investor signal due to Tesla mention, but lacks direct investor keywords like 'investor' or 'entrepreneur'.",https://x.com/monzi64
SpacePiccasso,CALITORIA,143,791,40,True,"Bio contains specific interests like EVs, NASA, and mentions of companies (e.g., $D, RYANAIR, XAI) that suggest a real person with niche tech/space focus, but lacks direct investor keywords; authenticity is high due to unique details, though investor signal is moderate.",https://x.com/SpacePiccasso
OneCheckmark,OneCheckmark,141,95,40,True,"Bio shows authentic human interests (technology, astronomy, science, AI, e-mobility) with a personal touch ('making a better world'), but lacks direct investor keywords; moderate follower count and high tweet volume suggest real user, though investor signal is low.",https://x.com/OneCheckmark
DominikBTC,IlrazzodiElon,138,110,40,True,"Authentic human with unique bio expressing personal views on free markets and development, but lacks direct investor keywords; username suggests crypto interest, but limited follower count and high tweet volume may indicate lower influence.",https://x.com/DominikBTC
ishan__1111,Ishan,112,373,40,True,"Authentic human with specific details in bio (defence/aerospace company, Build Canada) and personal name, but lacks direct investor keywords; moderate follower count and high following suggest potential for networking, though not explicitly an investor.",https://x.com/ishan__1111
bernieoffsesame,Bernie Man,107,141,40,True,"Authentic human with unique, self-deprecating bio indicating personal interests in biotech and AI; low follower count and specific content suggest genuine user, but bio explicitly disclaims investment advice, reducing investor signal.",https://x.com/bernieoffsesame
virag_1513,Virag_ik,104,394,40,True,"Authentic human with personal interests in rockets/space tech and a data scientist role, but limited investor signals; bio is brief but specific, and follower/following ratio suggests genuine activity.",https://x.com/virag_1513
iamrafagarcia,Rafael Garcia,94,1046,40,True,"Authentic human with unique bio ('Techno-Optimista', 'Shallow deepness connoisseur') and personal details (name, Costa Rican flag, pirate flag). Low investor signal due to lack of explicit keywords like investor or founder, but potential for tech interest suggests some suitability for peer DM.",https://x.com/iamrafagarcia
prxgaurav,Gaurav Upadhyay,75,694,40,True,"Authentic human with personal details (name, specific interests in esports and sports teams), but bio focuses on software engineering and founding a gaming company, with limited direct investor keywords; moderate potential as a tech/entrepreneur peer.",https://x.com/prxgaurav
MjYoke1111,MJ YOKE,61,1376,40,True,"Bio shows authentic personal interests in AI/LLM and tech building, with specific links, but lacks direct investor keywords; follower-following ratio suggests real user engagement, though investor signals are moderate.",https://x.com/MjYoke1111
akrawec39,Alexander Krawec,55,152,40,True,"Authentic human with personal details (name, sports fandom, job at xAI), but bio lacks direct investor keywords; moderate follower count suggests real user, but limited investor signals.",https://x.com/akrawec39
CurtisRummel,Curtis Rummel,1411,868,30,True,"Authentic human with personal interests (USA & capitalism), but lacks direct investor/alpha keywords; bio is generic and not specific to investing or tech, reducing investor potential.",https://x.com/CurtisRummel
swdesertgirl,swdesertgirl,1332,1077,30,True,"Authentic human with specific professional details in healthcare strategy and business development, but lacks direct investor/alpha keywords; low investor signal.",https://x.com/swdesertgirl
F_Botha_USA,Francois Botha,1137,807,30,True,"Authentic human with unique bio detailing personal identity (Afrikaner-American, ASU), interests (tech, politics, social issues), and humor. No generic bot signals. Investor score moderate due to tech-savvy mention but lacks direct investor keywords like 'Investor' or 'VC'; focus is on societal commentary rather than investment.",https://x.com/F_Botha_USA
karaebel,Kara,1129,418,30,True,"Authentic human with specific professional details (Video Content Design at xAI and Grok), unique bio, and realistic follower/following ratio. Low investor signal as bio lacks direct investment keywords, but suitable for DM as a professional peer in tech.",https://x.com/karaebel
TeslaYRose,Marianne Clausi Johnson,1123,973,30,True,"Authentic human with personal bio details (pro-American, creativity, humor, S.T.E.M advocacy), but lacks direct investor/alpha signals like 'Investor', 'VC', or 'Crypto'; bio suggests general interests rather than professional investment focus.",https://x.com/TeslaYRose
r0nnyb0y,إدغار,1058,471,30,True,"Authentic human with personal interests in sports and rockets, but lacks explicit investor keywords; low investor signal due to no direct financial or entrepreneurial indicators.",https://x.com/r0nnyb0y
torgeirstoen,Torgeir Støen,1024,418,30,True,"Authentic human with personal details (psychologist, dog owner, interests in curiosity and X), but lacks direct investor/alpha signals like 'Investor', 'Founder', or crypto/tech keywords; bio suggests a professional peer but not a strong investment focus.",https://x.com/torgeirstoen
El_lee_Dare,EK,1003,783,30,True,"Authentic human with personal bio elements (Star Wars quote, disclaimer on likes/RTs), but lacks clear investor/alpha signals; low investor score due to absence of keywords like investor, founder, or crypto.",https://x.com/El_lee_Dare
AAristi1976,Andres Aristizabal,966,293,30,True,"Authentic human with personal details (name, profession, specific interests in technology and music), but bio lacks direct investor/alpha signals; investor score is moderate due to tech interest and professional background, but no explicit investment-related keywords.",https://x.com/AAristi1976
iksammy1,iksammy1,955,147,30,True,"Authentic human with personal bio details (agriculturist, technology marketer, projects), but lacks strong investor/alpha signals; bio is generic and not focused on investment or high-value tech/entrepreneurship keywords.",https://x.com/iksammy1
CODE_XApp,Brendan Miller,953,1372,30,True,"Authentic human with unique bio detailing independent software project, but lacks direct investor/alpha signals; bio focuses on privacy and coding, not investment or entrepreneurial keywords.",https://x.com/CODE_XApp
JohnDogeco,John Dogeco,913,1470,30,True,"Bio shows authentic personal interests (Bengali Doge, political commentary) and humor, indicating a human user. However, lacks direct investor/alpha signals like 'Investor' or 'Crypto'; focus is on Dogecoin community and memes, with moderate follower count and high tweet volume suggesting active engagement but not necessarily professional investment orientation.",https://x.com/JohnDogeco
kktwd761,Lucky.D,850,1190,30,True,"Authentic human with personal details (Model Y owner), but limited investor signals; bio lacks keywords like investor or founder, suggesting general interest rather than professional investment focus.",https://x.com/kktwd761
LisaMarie10369,LisaMarie,831,110,30,True,"Authentic human with personal name and bio focused on ethical leadership and humanity, but lacks direct investor keywords; bio suggests potential for professional engagement but not strong alpha signals.",https://x.com/LisaMarie10369
rose_1024nu,Rose,799,602,30,True,"Authentic human with specific personal interests (space, rocketry, Florida-based, KSC launch watcher) and a genuine, non-generic bio. No clear investor/alpha signals like 'investor' or 'founder' keywords, but potential for aerospace industry interest.",https://x.com/rose_1024nu
CarpenterWarren,Warren Carpenter 🇺🇸🇺🇸🇺🇸,742,306,30,True,"Authentic human with political background (Finance Chair, Political Director) and specific location/affiliations (MIGOP, MAGA), but lacks direct investor/alpha signals like 'Investor', 'VC', or tech/crypto keywords; may have financial experience but not clearly aligned with investment focus.",https://x.com/CarpenterWarren
MDNGHTPRPHT,MDNGHTPRPHT,596,794,30,True,"Authentic human with personal details (veteran, location NC), but bio lacks investor keywords; low investor signal despite high tweet volume.",https://x.com/MDNGHTPRPHT
marshallfrith,Marshall Frith,571,1448,30,True,"Authentic human with personal details (location: Old Town, interests: golf, sports teams), but lacks direct investor keywords; bio suggests casual or personal focus rather than professional investment signals.",https://x.com/marshallfrith
TheBryJack,Bryan J,571,185,30,True,"Authentic human with unique bio ('based | curious | skill collector | Mic check? This thing on?') and personal name 'Bryan J', but lacks explicit investor keywords; moderate follower count and high tweet volume suggest active user, but no clear alpha signals for investment focus.",https://x.com/TheBryJack
iOutatime,Mason Fowlkes,540,290,30,True,"Authentic human with a unique bio referencing a movie quote, personal name, and moderate follower count. Low investor signal due to lack of keywords like investor, founder, or crypto; bio is philosophical rather than professional.",https://x.com/iOutatime
garcia590,Garcia,528,1097,30,True,"Bio shows unique, philosophical language with personal interests like 'Observation & Hypothesis' and 'Pattern Recognition', indicating authenticity. Lacks direct investor keywords, but 'CyberSpace Expedition' and 'Collecting Puzzle Pieces of Ideas' suggest intellectual curiosity, potentially relevant for tech or crypto contexts. High tweet count and moderate follower ratio support human activity, though investor signals are weak.",https://x.com/garcia590
raider99k,Pasquale,514,384,30,True,"Authentic human with specific academic and professional details (mechatronics, perception, driverless), but bio lacks direct investor/alpha keywords; focus appears technical/engineering rather than investment-oriented.",https://x.com/raider99k
xyzthompson,Crucial Machine,475,131,30,True,"Authentic human with personal details (Virginia, SWE), but bio lacks direct investor keywords; investor score low due to focus on software engineering rather than investment signals.",https://x.com/xyzthompson
Rasheed_Finance,روقان بالك راس مالك,465,396,30,True,"Authentic human with personal opinions and location-specific content, but bio lacks investor keywords and focuses on non-financial sentiments, reducing investor signal.",https://x.com/Rasheed_Finance
vibecoder,vibecoder,454,105,30,True,"Authentic human with specific role (AI-centric Design Manager) and company mention (UCDOps), but bio lacks direct investor keywords; moderate follower count and high tweet volume suggest active user, though focus on design/tech may indicate lower investor potential.",https://x.com/vibecoder
jimmyzdivebar,Jimmy Z,437,381,30,True,"Authentic human with personal interests (cocktails, whiskey, SWFL vibes) and unique bio; low investor signal as keywords focus on hobbies and AI/Elon fandom without direct investment terms.",https://x.com/jimmyzdivebar
konspieracy,Konstantin,431,973,30,True,"Authentic human with personal name and unique bio, but lacks strong investor keywords; bio mentions tech interest, which is a mild signal, but no explicit investment or entrepreneurial terms.",https://x.com/konspieracy
PundtstevenTX,Steven Pundt,431,119,30,True,"Authentic human with specific technical expertise in automotive/marine engineering and EV optimization, but lacks direct investor/alpha signals like 'Investor' or 'VC' keywords; may be a professional peer rather than a financial investor.",https://x.com/PundtstevenTX
Katystudt,TechKatystudt Mechazilla,414,1073,30,True,"Authentic human with specific interests in technology, 3D printing, and SpaceX-related projects (Mechazilla, Starbase). Bio shows personal details and niche expertise, but lacks direct investor keywords like 'investor', 'VC', or 'entrepreneur'. Suitable for DM as a peer in tech/engineering fields.",https://x.com/Katystudt
Laksh_Kanojiya,Master 𝘅,356,752,30,True,"Authentic human with personal bio expressing values and motivation, but lacks direct investor keywords; bio focuses on camaraderie and action, not financial or professional signals.",https://x.com/Laksh_Kanojiya
Sivateja,Dr teja,341,955,30,True,"Authentic human with personal bio about exploration and open-mindedness, but lacks direct investor keywords or signals; low investor score due to no mention of investing, business, or tech interests.",https://x.com/Sivateja
riazulrahil,Riazul Islam Rahil,326,1419,30,True,"Authentic human with personal details (Founder, Creative Director, specific company @motioncraftsco, interests in filmmaking, science, tech). Bio lacks direct investor keywords (e.g., investor, angel, VC, crypto), but shows entrepreneurial and tech interest, making DM suitable for professional networking.",https://x.com/riazulrahil
dicoangelo,Dico,310,610,30,True,"Authentic human with personal links in bio and balanced follower/following ratio, but lacks explicit investor keywords or signals; bio is minimal without clear professional or investment focus.",https://x.com/dicoangelo
DJWJR11,DJWJR,322,82,30,True,"Authentic human with personal details (family, hobbies, generation), but lacks direct investor keywords; interests in markets and news provide some relevance.",https://x.com/DJWJR11
anrotz,anrot,305,233,30,True,"Authentic human with unique personal interests (Internet Researcher, Collector, Early Vine Adopter, Nostalgia/Physical Media Enthusiast), but lacks direct investor/alpha signals; bio focuses on research and hobbies rather than investment or entrepreneurial keywords.",https://x.com/anrotz
MackHC,MackHC,280,454,30,True,"Authentic human with personal details (veteran, father, husband, small business owner), but lacks direct investor/alpha keywords; low investor signal despite genuine profile.",https://x.com/MackHC
ericbdahlgren,🇺🇸 Eric Brooks Dahlgren,278,171,30,True,"Authentic human with personal name, location flag, and specific interests (Tech Enthusiast). Low investor signal due to generic bio lacking keywords like investor, founder, or crypto; moderate follower count suggests real engagement.",https://x.com/ericbdahlgren
valentinvaleanu,Valentin Văleanu,268,1091,30,True,"Authentic human with unique bio detailing professional roles (AI Developer, Azure/Entra Specialist) and personal interests (First Principles Thinker, Open Source Advocate). No bot-like generic content. Low investor signal as bio focuses on tech development rather than investment keywords; may be a peer in tech but not a clear investor/alpha user.",https://x.com/valentinvaleanu
Config_Tsushima,Config,263,1009,30,True,"Bio shows unique personal interests (typography, data visualization, tech, astronomy) and self-identification as 'Technical and Hands-on Human', indicating authenticity. Low investor signal due to lack of keywords like investor, founder, or crypto; focus is on technical/creative fields rather than investment or business.",https://x.com/Config_Tsushima
RitikBheda,Ritik Bheda,254,973,30,True,"Authentic human with personal details (keyboard-man, working at bank, specific project links). Low investor signal due to lack of keywords like investor, founder, or crypto; bio focuses on resume generation and website traffic, not investment activities.",https://x.com/RitikBheda
BuilderDZ,BuilderDZ,247,416,30,True,"Bio shows personal interests (AI, memes, robots, games) with unique phrasing, indicating authenticity. Limited investor signals; keywords like 'AI solutions enthusiast' suggest tech interest but no direct investor terms like 'Investor' or 'Founder'. DM suitability moderate as a peer in tech/AI space.",https://x.com/BuilderDZ
barorcarl,Bart Carlson,236,213,30,True,"Authentic human with personal name and bio expressing unique interests in sustainability and abundance, but lacks direct investor keywords or strong alpha signals; low investor score due to absence of terms like investor, founder, or crypto.",https://x.com/barorcarl
skyisuniverse,Sky Universe,233,1236,30,True,"Authentic human with personal name change detail (formerly Vahan Minasian) and multiple links suggesting real activity, but bio lacks explicit investor keywords; low investor signal based on provided info.",https://x.com/skyisuniverse
11_shark_9pool,NomadwithaCause,232,151,30,True,"Authentic human with personal details (e.g., 'NomadwithaCause', political references, humor), but lacks clear investor/alpha signals; bio focuses on social media engagement and interests without keywords like investor, founder, or crypto.",https://x.com/11_shark_9pool
lukeanderson_,Luke Anderson,204,169,30,True,"Authentic human with personal details (name, location flags), but bio lacks investor-specific keywords; low investor signal based on provided data.",https://x.com/lukeanderson_
Michelle382650,Michelle Rose,204,167,30,True,"Authentic human with unique personal details (creator of reality TV shows, Jewish identity, support for Israel), but lacks direct investor/alpha signals; bio focuses on entertainment and personal beliefs, not investment or business keywords.",https://x.com/Michelle382650
thexapien,Xapien,188,397,30,True,"Authentic human with unique bio and personal details (IT Specialist, Unbounded Thoughts), but lacks strong investor/alpha signals; bio does not include keywords like investor, founder, or crypto, making DM suitability moderate for professional peer engagement.",https://x.com/thexapien
LeonSosa12,Leon Sosa,162,391,30,True,"Authentic human with personal details (engineer, physicist, programmer) and diverse interests, but lacks direct investor/alpha signals like 'Investor' or 'Crypto' keywords; bio focuses on learning and passion, not financial or entrepreneurial themes.",https://x.com/LeonSosa12
dericdgonzalez,Eric David D’Acosta GONZÁLEZ,145,507,30,True,"Authentic human with unique personal details (former White House NCO USMC, specific business ventures), but lacks direct investor/alpha signals like 'Investor' or 'Crypto'; bio focuses on past roles and legal issues, not current investment activities.",https://x.com/dericdgonzalez
egy_ee,Gon,128,594,30,True,"Authentic human with unique bio referencing Elon Musk and Grok, but lacks direct investor keywords; low investor signal due to focus on humor and tech commentary rather than investment or professional roles.",https://x.com/egy_ee
Vincent2112_,Vincent2112,119,173,30,True,"Bio shows personal, poetic expression with unique phrases and interests (EXPLORER, QUESTION EVERYTHING), indicating authenticity. No direct investor keywords, but potential for DM suitability as a thoughtful individual.",https://x.com/Vincent2112_
AadityaCodesAI,Aaditya Bansal,78,659,30,True,"Authentic human with specific role (AI tutor at xAI) and personal name, but bio lacks direct investor/alpha signals; focus is on AI/tech, not investment-related keywords.",https://x.com/AadityaCodesAI
trevthefoolish,trev,65,157,30,True,"Bio 'human-in-the-loop' suggests authenticity with a unique, personal touch, but lacks explicit investor keywords; follower/following ratio and tweet count indicate active human user, though investor signals are minimal.",https://x.com/trevthefoolish
Functional_Nerd,functional_n3rd,54,602,30,True,"Authentic human with unique bio about duck rice farming, but lacks direct investor/alpha signals; low follower count and high following ratio may indicate limited influence.",https://x.com/Functional_Nerd
surbhit0940,Surbhit aggarwal,46,186,30,True,"Authentic human with personal interests (Personal Finance, Running, Music, etc.) and a unique bio, but lacks direct investor/alpha signals; investor score low due to absence of keywords like Investor, Angel, VC, or specific financial/tech focus.",https://x.com/surbhit0940
Techbjurn,Techbjurn,42,51,30,True,"Authentic human with unique bio ('PhD troll 🧌 tech bro') and personal details, but lacks clear investor/alpha signals; bio suggests tech interest but no explicit keywords like investor, founder, or crypto, making DM suitability moderate.",https://x.com/Techbjurn
mahckin,OMAC,36,390,30,True,"Authentic human with personal bio about influencing change and rational thinking, but lacks direct investor/alpha keywords; low follower count and high following ratio suggest limited influence.",https://x.com/mahckin
wangheihei0624,Tian,35,447,30,True,"Bio indicates a human professional in robotics PR with specific industry focus, but lacks direct investor keywords or high-value signals for investment context.",https://x.com/wangheihei0624
hamadbizvideos,Hamad,35,105,30,True,"Authentic human with personal details (Electrical engineer, name Hamad) and specific interests (video content for business growth). Low investor signal as bio focuses on content creation rather than investment keywords; may be a potential user but not a high-value investor.",https://x.com/hamadbizvideos
Cdr607869783558,Drekk9yne,29,134,30,True,"Bio shows authentic personal interests (music genres, tech, space, politics) and specific details (SpaceX, gaming), indicating a real human. No strong investor keywords found, but mentions of tech and SpaceX suggest some alignment with tech/innovation themes, though not explicitly financial or entrepreneurial.",https://x.com/Cdr607869783558
Matrokc4,Matt,1333,968,20,True,"Authentic human with personal details (retired U.S. Navy, patriotic themes, specific interests like 'Rock Chalk'), but lacks direct investor/alpha signals; bio focuses on personal identity rather than investment or business keywords.",https://x.com/Matrokc4
StrykerAce007,01 + 0 1 = 10,920,267,20,True,"Bio shows authentic personal details (e.g., 'Recovering sugar addict', 'Eat animal meat, fat and eggs', 'Fixing the broken things') and diverse interests, indicating a real person. However, no explicit investor keywords (e.g., investor, founder, crypto) found; focus is on health and self-improvement, leading to a low investor score.",https://x.com/StrykerAce007
District1ResNYC,District 1 Research 🇺🇸,819,1260,20,True,"Authentic human with unique personal interests (collective intelligence, cycling, politics, learning, BF Skinner), but lacks direct investor/alpha signals; bio focuses on non-financial topics, making DM suitability low for investment purposes.",https://x.com/District1ResNYC
Negusnati,Natnael Birhanu,665,440,20,True,"Authentic human with personal details (name, university affiliation), but bio lacks investor/alpha keywords; focus on academic/lecture role, low investor signal.",https://x.com/Negusnati
KriegSalamander,Demiurgo Von Degurechaff 🇯🇪,560,620,20,True,"Authentic human with unique bio containing personal interests (Hispanista, Católico, anime fan) and political views, but lacks direct investor/alpha signals like 'Investor', 'VC', or tech/crypto keywords; DM suitability is low due to focus on non-investment topics.",https://x.com/KriegSalamander
Corlexys,Corlexys,466,193,20,True,"Authentic human with personal interests in free speech and parenthood, but lacks direct investor/alpha signals like 'investor', 'founder', or crypto/tech keywords; bio is conversational and not generic, suggesting a real person but low investment relevance.",https://x.com/Corlexys
simon91854956,simon,357,563,20,True,"Authentic human with personal interests (M&E Engineer, classic cars, space, animals, nature, travel), but lacks investor/alpha keywords; alphanumeric username suggests possible bot-like element, but bio is unique and not generic.",https://x.com/simon91854956
katelost401,Kate 🇺🇸,301,344,20,True,"Authentic human with personal interests (Archeology, physics, history, golf, cars, games) and location (🇺🇸), but lacks direct investor/alpha signals like 'Investor', 'VC', 'Founder', or crypto/tech keywords; low investor relevance.",https://x.com/katelost401
RippTheDip,Eli // RipTheDip 🇺🇸🇮🇱,259,1086,20,True,"Authentic human with personal interests (Pokemon TCG, location PNW), but bio lacks investor keywords; focus is on collecting/trading cards, not financial/tech investing.",https://x.com/RippTheDip
DovKleiiman,Kleiiman,222,317,20,True,"Authentic human with personal details (email for PR, 'Digital Creator' role), but lacks strong investor signals; bio focuses on content creation rather than investment or business keywords.",https://x.com/DovKleiiman
VaibhavVj91,Vaibhav Jaiswal,194,351,20,True,"Authentic human with personal name and specific role (senior software engineer), but lacks direct investor/alpha signals like keywords (e.g., investor, founder, crypto). DM suitability is moderate as a professional peer in tech, but low investor potential.",https://x.com/VaibhavVj91
tangshu2017,唐古拉树,147,107,20,True,"Authentic human with unique, philosophical bio in Chinese, expressing personal beliefs and values. No direct investor keywords or alpha signals found; bio focuses on truth, freedom, service, and human nature rather than business, tech, or investment themes. DM suitability is low due to lack of professional or investor context.",https://x.com/tangshu2017
404camren,404,127,972,20,True,"Authentic human with personal details (Designer and Writer at @cidercircuit), but lacks investor/alpha signals; bio focuses on creative roles, not investment or business keywords.",https://x.com/404camren
getmonu,Monu,112,1249,20,True,"Authentic human with specific job details (engineer at Target), but bio lacks investor/alpha keywords; low investor signal despite genuine profile.",https://x.com/getmonu
aseerixsaeed,SAEED BIN ASEERI,50,8,20,True,"Bio contains personal and unique details in Arabic, including legal references and personal sentiments, indicating authenticity. No direct investor keywords found, but mentions of billions and years suggest potential financial or historical interest, though not clearly aligned with tech/investor signals.",https://x.com/aseerixsaeed
void_life_art,void_enjyr,22,323,20,True,"Bio shows authentic human learning and building interests, but lacks specific investor keywords or high-value signals; low follower count and generic bio reduce investor potential.",https://x.com/void_life_art
Flowersforcows,Flora 🌼,586,412,15,True,"Authentic human with diverse personal interests (beauty, fun, hobbies like photography, art, cooking) and specific references (Abraham Hicks, carnivore diet, unreal engine). Low investor signal due to lack of finance/tech keywords; bio focuses on lifestyle and learning, not investment or professional roles.",https://x.com/Flowersforcows
EGArnold,EG Arnold,1365,243,10,True,"Authentic human with personal details (family roles, interests, beliefs), but lacks investor/alpha signals; bio focuses on personal identity, not professional or investment keywords.",https://x.com/EGArnold
marytmasucci,Tracy Masucci,1396,1038,10,True,"Authentic human with unique personal bio (artist, wordsmith, scientist, poetic phrases), but no investor/alpha signals; bio explicitly discourages DMs from non-followers, making DM suitability low.",https://x.com/marytmasucci
PaulyChaos,Pauly,1364,1442,10,True,"Authentic human with unique, artistic bio focused on creation and collaboration, but lacks investor/alpha keywords; low investor signal.",https://x.com/PaulyChaos
QingBankse,QING BANKSE,1303,994,10,True,"Authentic human with unique bio focused on political criticism and anti-corruption, but lacks investor/alpha keywords; not aligned with investment or tech interests.",https://x.com/QingBankse
Alibel_Fragoso0,Alibel Fragoso,1303,444,10,True,"Authentic human with personal details (music producer, specific platforms like Pond5, Airbit, BeatStars), but no investor/alpha signals; bio focuses on music production, not investment or tech keywords.",https://x.com/Alibel_Fragoso0
michaelricks,M I K E • Earth Coffee Fetcher,1289,1061,10,True,"Authentic human with unique, humorous bio and personal interests (coffee, caveman theme), but no investor/alpha signals; bio lacks keywords like investor, founder, or crypto, and appears focused on casual persona rather than professional or financial topics.",https://x.com/michaelricks
djhuntze,djhuntze,1247,477,10,True,"Bio shows authentic personal preferences and interests (e.g., sports teams, location), with clear boundaries and no generic AI-sounding content. However, lacks investor-related keywords or signals, focusing on personal rules and hobbies rather than professional or investment themes.",https://x.com/djhuntze
butts56918,Lisa Butts,1163,648,10,True,"Authentic human with personal details (Producer/Host, Poet, Speaker, specific interests), but no investor/alpha signals; bio focuses on creative and positive life aspects, not investment or business keywords.",https://x.com/butts56918
firecracker1956,Vickie,1130,119,10,True,"Authentic human with personal details (name Vickie, horseback riding hobby), but no investor/alpha signals in bio; low investor relevance.",https://x.com/firecracker1956
Mars_Starship_,John Smith,1118,158,10,True,"Authentic human with personal interests (Space, Beach, Nature) and a specific username, but no investor/alpha signals in bio; low investor relevance.",https://x.com/Mars_Starship_
ChrisbWells,Chris Wells,1072,1296,10,True,"Authentic human with personal name and bio, but lacks investor/alpha signals; bio is vague and stats show high tweet volume with moderate engagement, suggesting a real user but not necessarily an investor or high-value lead.",https://x.com/ChrisbWells
abejmorris,abejmorris,1071,975,10,True,"Authentic human with personal details (Christian, Patriot, Father, Trump supporter) and specific interests, but lacks investor/alpha signals; bio focuses on political/religious identity, not investment or professional keywords.",https://x.com/abejmorris
TiborKovacs_TX,Tibor Kovacs Private Investigator in Dallas Texas,986,462,10,True,"Authentic human with specific personal details (name, profession, location), but bio lacks investor/alpha keywords; focused on private investigation, not investment or tech fields.",https://x.com/TiborKovacs_TX
sappgulf,Austin,962,817,10,True,"Authentic human with unique, creative bio referencing pop culture (Kanye West lyrics), but lacks investor/alpha signals; bio is entertainment-focused, not professional or investment-related.",https://x.com/sappgulf
dadsteroni,G_Arter,858,191,10,True,"Authentic human with personal details (retired network engineer, rural Midwest lifestyle), but no investor/alpha signals in bio; low investor relevance.",https://x.com/dadsteroni
HorizonDriven,B.O.H.I.C.A,848,592,10,True,"Bio is unique and philosophical, indicating a human with personal expression. No investor-related keywords or signals found in bio or name, but authenticity is high due to creative content.",https://x.com/HorizonDriven
JeyBeeKey,JeyBeeKey,848,668,10,True,"Bio shows authentic personal expression with poetic and philosophical elements, not generic bot content. However, lacks direct investor/alpha signals like keywords related to investing, tech, or entrepreneurship, reducing investor score.",https://x.com/JeyBeeKey
Michael_Gehm,Michael_Gehm,807,336,10,True,"Authentic human with personal details about military service and specific events, but no investor/alpha signals in bio; bio focuses on personal experiences rather than professional or investment-related content.",https://x.com/Michael_Gehm
HiiGHOFFJAVi,HiiGHØFFJɅVi🍄💨,804,289,10,True,"Bio is unique and personal with a casual tone, but lacks investor-related keywords; username and name are stylized but not generic bot-like; low investor signal as no clear professional or investment indicators.",https://x.com/HiiGHOFFJAVi
o_kozlyakova777,Froilan Kozlyakova,750,353,10,True,"Bio is unique and creative with personal interests in physics/metaphysics, not generic or bot-like; lacks investor keywords, but high tweet count suggests active human user.",https://x.com/o_kozlyakova777
lisarobel,Lisa Robel,725,685,10,True,"Authentic human with unique, personal bio expressing interests in chaos, possibility, and various emoji-based hobbies; no investor keywords or professional signals detected, but suitable for DM as a peer.",https://x.com/lisarobel
DenisTRUFFAUT,Denis TRUFFAUT ⭐️,648,734,10,True,"Authentic human with detailed professional certifications and specific tech expertise, but bio lacks investor/alpha keywords; focus is on technical roles rather than investment or entrepreneurial signals.",https://x.com/DenisTRUFFAUT
Shatter801,Shatter,644,261,10,True,"Authentic human with personal details (retired military veteran, family, health struggle), but no investor/alpha signals in bio; low investor relevance.",https://x.com/Shatter801
GerritBoll,GerritBoll,633,207,10,True,"Authentic human with personal bio 'Just a dude', but lacks investor/alpha keywords; low investor signal despite high tweet volume.",https://x.com/GerritBoll
MoxietheWriter,Elaine,603,706,10,True,"Authentic human with personal details (e.g., writing, choir, sports, religious affiliation), but no investor/alpha signals; bio focuses on personal interests, not professional or investment keywords.",https://x.com/MoxietheWriter
Ericbiker,Eric Londoño Arias,608,204,10,True,"Authentic human with personal details (lawyer, business administration specialist, diverse interests in martial arts, football, art, music). No investor/alpha signals present; bio focuses on professional and personal hobbies, not investment or entrepreneurial keywords.",https://x.com/Ericbiker
XillioilliX,🌊 Ese 👾 🇺🇸,589,167,10,True,"Authentic human with personal details (SSGT USAF, WWII dates, RIP tribute), but bio lacks investor/alpha signals; focused on political/religious tribute, not financial or entrepreneurial keywords.",https://x.com/XillioilliX
LatoSandino,Carlos Sandino,566,87,10,True,"Authentic human with personal bio about living, enjoying life, and doing good, but lacks investor/alpha signals; bio is generic and not focused on professional or investment themes.",https://x.com/LatoSandino
rosa_cesar1235,Rosa Cesare,562,71,10,True,"Authentic human with personal details (doctor of law, philosopher, Italian/Greek heritage, astrological signs), but no investor/alpha signals; bio lacks keywords like investor, founder, or crypto, making DM suitability low for investment purposes.",https://x.com/rosa_cesar1235
MVCongTangTonNu,Mary M Vesely,481,481,10,True,"Authentic human with personal details (artist, music, creative process), but no investor/alpha signals; bio focuses on art, not investment or business keywords.",https://x.com/MVCongTangTonNu
praveenblraj,Praveen Raj B,473,1210,10,True,"Authentic human with specific professional details (Cisco IP Telephony Engineer and Data Engineering), but bio lacks investor/alpha keywords; low investor signal as focus is on technical roles, not investment or entrepreneurship.",https://x.com/praveenblraj
Sofia62968857,Spartan King 👑🦅,468,710,10,True,"Authentic human with personal interests (freedom, family, country) and specific location (Canada), but lacks investor/alpha keywords; bio focuses on political/patriotic themes, not investment or professional signals.",https://x.com/Sofia62968857
AustinFeyd,Austin Feyd ᑔ ᑌ ᑎ ᑢ ᒿ,459,1351,10,True,"Authentic human with personal interests in celebrities, but no investor/alpha signals; bio lacks professional keywords and focuses on fandom, making DM suitability low for investment context.",https://x.com/AustinFeyd
CalvinVLaCombe,Calvin  La Combe,438,125,10,True,"Authentic human with personal bio detailing artistic interests and travel aspirations, but no investor/alpha signals; bio lacks keywords like investor, founder, or crypto, making DM suitability low for professional investment context.",https://x.com/CalvinVLaCombe
stealer82,GA_R1T,397,278,10,True,"Bio shows personal interests in travel and Rivian referral, indicating a real person with specific activities, but lacks investor keywords or professional signals; username and name are somewhat generic but not bot-like.",https://x.com/stealer82
pitreinc,William Pitre,389,486,10,True,"Authentic human with personal name and bio, but lacks investor/alpha keywords; bio is generic ('regular guy doing regular things') with no clear professional or investment signals.",https://x.com/pitreinc
FuzzkidRicch,FUZZKID RICCH,372,1006,10,True,"Authentic human with personal email and interests in politics and 'harteez', but no investor/alpha signals in bio; low investor relevance.",https://x.com/FuzzkidRicch
edvegaviolante,Dr e𝕏,346,551,10,True,"Authentic human with personal details (age, phrase 'walk this way'), but bio lacks investor/alpha keywords; low follower count and high tweet volume suggest casual user, not investor-focused.",https://x.com/edvegaviolante
SunnyRed,SunnyRed55,343,878,10,True,"Authentic human with personal interests in physics and history, but no investor/alpha signals in bio; low investor relevance.",https://x.com/SunnyRed
Leemus_LSTC,Jonathan Lee,319,208,10,True,"Authentic human with personal details (Taiwanese identity, name Jonathan Lee), but bio lacks investor/alpha keywords; focus is on political/cultural presentation, not financial or entrepreneurial signals.",https://x.com/Leemus_LSTC
CreamChoi,cream7,306,858,10,True,"Authentic human with personal location details (Vancouver), but bio lacks investor/alpha keywords; low follower count and high following ratio suggest casual user, not an investor.",https://x.com/CreamChoi
chaletortau,Ski Chalet Baqueira Beret,297,366,10,True,"Authentic human with specific personal/business details (ski chalet in Arties, Spain), but bio lacks investor/alpha signals; appears to be a local business owner, not an investor or tech professional.",https://x.com/chaletortau
Ava__Lune,Anna Zielinski,269,84,10,True,"Authentic human with personal details (name, location, hobbies like animals, skiing, adventure, nature), but no investor/alpha signals in bio; low follower count and generic interests suggest not an investor or high-value peer for professional DM.",https://x.com/Ava__Lune
YXMAC__,Mac,267,150,10,True,"Authentic human with a unique, poetic bio referencing a Mars rover quote, but no investor/alpha signals; low investor score due to lack of relevant keywords or professional indicators.",https://x.com/YXMAC__
x86machine,x86,249,139,10,True,"Bio is unique and personal with a humorous analogy, indicating authenticity. No investor-related keywords or signals found in bio or username, but user appears genuine and not bot-like.",https://x.com/x86machine
deepakgreat,deepak 🌏,230,121,10,True,"Authentic human with personal details (name includes emoji, bio 'Coder'), but lacks investor/alpha signals; low follower count and high tweet volume suggest casual user, not investor-focused.",https://x.com/deepakgreat
LETHAL_MED1C,Simon,226,90,10,True,"Authentic human with personal gaming details (SRL player, specific gamertags), but no investor/alpha signals; bio focuses on gaming, not investment or professional keywords.",https://x.com/LETHAL_MED1C
MudTrotter,Steve,208,346,10,True,"Authentic human with unique bio ('Aka windy groundhog') and personal name 'Steve', but no investor/alpha signals in bio; low follower count and high tweet volume suggest casual user, not investor-focused.",https://x.com/MudTrotter
adzim_larico,Adzim Larico,202,214,10,True,"Authentic human with personal details (Teacher, Counselor, Psychology Graduate, Civil Engineering Background, Academic Education), but no investor/alpha signals; bio focuses on education and psychology, not investment or business keywords.",https://x.com/adzim_larico
DeplorableSimon,DeplorableSimon,198,199,10,True,"Authentic human with personal political/religious views, but lacks investor/alpha signals; bio focuses on politics and faith, no keywords related to investing, tech, or entrepreneurship.",https://x.com/DeplorableSimon
anujasha9,Anu,196,326,10,True,"Authentic human with unique, creative bio detailing personal interests in art, tech, and crafts; no generic or bot-like signals. Low investor score due to lack of keywords or signals related to investing, entrepreneurship, or finance; bio focuses on creative pursuits rather than business or investment themes.",https://x.com/anujasha9
JunHongLi56447,Christopher John Lee,174,1339,10,True,"Authentic human with unique, detailed bio in psychiatric genetics and related fields, but lacks investor/alpha keywords; bio focuses on academic research, not investment or business signals.",https://x.com/JunHongLi56447
jjim88416,Jim J,149,167,10,True,"Authentic human with personal details (beliefs, family, values), but no investor/alpha signals in bio; low follower count and high tweet volume suggest active user, not bot.",https://x.com/jjim88416
kingpapa92,Rashon Lea,152,75,10,True,"Authentic human with personal details (name, religious/political affiliations), but no investor/alpha signals in bio; low follower count and high tweet volume suggest casual user, not investor-focused.",https://x.com/kingpapa92
Evgeniia_Kash,Evgeniia KASHINA,157,507,10,True,"Authentic human with a real name, specific company affiliation (JSC Promtechset), and plausible follower/following/tweet stats. No clear investor/alpha signals in bio; lacks keywords like investor, founder, or crypto, suggesting low investment relevance.",https://x.com/Evgeniia_Kash
dmus31,Daniel,129,557,10,True,"Authentic human with personal details (Christian, Patriot, Anon) and specific interests, but lacks investor/alpha keywords; bio suggests personal identity rather than professional investment focus.",https://x.com/dmus31
dvineet9,Vineet,112,170,10,True,"Authentic human with specific professional details (DevOps Engineer, production lessons, cloud mistakes, security insights), but lacks investor/alpha signals; bio focuses on technical expertise rather than investment or entrepreneurial keywords.",https://x.com/dvineet9
lanccer7,Sin7sterSpD,107,68,10,True,"Bio includes personal interests (Frontend/Backend development, Anime Weekend) indicating a human with specific hobbies, but lacks investor-related keywords or signals; username and name are non-generic, suggesting authenticity.",https://x.com/lanccer7
FreeExpressionX,Free eXpression,96,241,10,True,"Bio expresses personal values (truth, dialogue) and lacks generic bot-like phrases; low follower count and high tweet volume suggest authentic engagement, but no investor-related keywords or signals found.",https://x.com/FreeExpressionX
liammackenzieuk,Liam Mackenzie,81,234,10,True,"Authentic human with specific political role and location details, but no investor/alpha signals; bio focuses on local council candidacy, not investment or business keywords.",https://x.com/liammackenzieuk
OmerArielTubi,Tubi,80,83,10,True,"Bio is authentic and personal ('be real'), but lacks investor-related keywords or professional signals; low follower count and high tweet volume suggest a casual user, not an investor.",https://x.com/OmerArielTubi
Kaiju_TSlaymer,Kaiju93,76,384,10,True,"Bio shows personal interests (nerdy craziness, spicy content) and unique username, indicating authenticity. No investor-related keywords or signals found in bio, but user appears genuine with moderate follower count and high tweet volume.",https://x.com/Kaiju_TSlaymer
Gangster_Tucker,Gangster Tucker,71,173,10,True,"Authentic human with unique bio referencing 'Matrix' and news consumption, but lacks investor/alpha keywords; bio suggests alternative media interest, not financial or entrepreneurial focus.",https://x.com/Gangster_Tucker
naukhalith,Michał Piątkowski,67,0,10,True,"Authentic human with personal name and unique, philosophical bio in Polish, but lacks investor/alpha keywords and has low follower count, suggesting limited professional relevance.",https://x.com/naukhalith
vaibhavv2307,Vaibhav,63,1094,10,True,"Authentic human with specific role (Frontend Engineer), but bio lacks investor/alpha keywords; low follower count and high following ratio suggest non-investor focus.",https://x.com/vaibhavv2307
mhmdoutofkarak,mhmd hani,64,549,10,True,"Authentic human with personal bio expressing modesty, but lacks investor/alpha signals; bio is vague and stats show low follower count, indicating limited professional influence or investment activity.",https://x.com/mhmdoutofkarak
Stina_Lotus,Christina Mieloszyk,60,248,10,True,"Authentic human with personal details (name, interests in art and photography), but no investor/alpha signals; bio focuses on hobbies, not professional or investment keywords.",https://x.com/Stina_Lotus
PatrickBreen20,Patrick Breen,55,60,10,True,"Authentic human with personal details (washed up pro ball player, interests in sports and gaming), but no investor/alpha signals in bio; low follower count suggests limited influence.",https://x.com/PatrickBreen20
optimustsla,옵티머스,55,44,10,True,"Authentic human with a specific profession (A321 Pilot) and personal details, but no investor-related keywords or signals in bio; low follower count and generic username reduce investor potential.",https://x.com/optimustsla
YAaman007,Aman Yadav,50,143,10,True,"Authentic human with specific personal details (Indian, hardware engineer), but no investor/alpha signals; bio lacks keywords like investor, founder, or crypto, making DM suitability low for investment purposes.",https://x.com/YAaman007
RA9bzxnFoe,Stefano,53,737,10,True,"Authentic human with personal name 'Stefano' and bio indicating a 'shitposting account' with a link, suggesting genuine activity. Low investor signal due to lack of keywords like investor, founder, or crypto; bio is casual and not professional. DM suitability is low as the account appears focused on informal content rather than investment or business interests.",https://x.com/RA9bzxnFoe
vinaywarp18,Vinay khatak,30,247,10,True,"Bio expresses personal skepticism about LLMs, indicating authentic human thought; lacks investor keywords or professional signals, but suitable for DM as a peer in tech discussions.",https://x.com/vinaywarp18
140IceQueen,Ice,29,91,10,True,"Bio shows personal reflection and unique perspective ('much to see and observe'), not generic or AI-generated. Low investor signals; lacks keywords like investor, founder, or crypto. DM suitability low due to non-professional focus.",https://x.com/140IceQueen
groyplax,Groyplax,16,156,10,True,"Authentic human with unique personal interests (politics, sports, specific figure), but lacks investor/alpha signals; bio focuses on non-financial topics, making DM suitability low for investment purposes.",https://x.com/groyplax
Vernicedbay,Vernicedb,15,275,10,True,"Authentic human with unique bio ('Omnilegent') and personal interest in books, but no investor/alpha signals; low follower count suggests limited influence.",https://x.com/Vernicedbay
dhva_kirti,Dave K i r t i,8,102,10,True,"Authentic human with specific academic credentials (MD, M. Epidemiology from Unimelb), but no investor-related keywords or signals in bio; low follower count and high tweet volume suggest personal or academic focus, not investment-oriented.",https://x.com/dhva_kirti
yumeya_nana,ゆめ ☻ ♡,215,349,5,True,"Authentic human with personal details (Japanese name, interests in 'kano_i_'), but no investor/alpha signals; bio indicates low activity and personal fandom, not professional or investment-related.",https://x.com/yumeya_nana
